game_id,season,season_type,date_utc,home_team_id,away_team_id,final_score_home,final_score_away,status,source
0022500001,2025-26,Regular Season,2025-10-21T23:30:00Z,1610612760,1610612745,125,124,FINAL,cdn
0022500002,2025-26,Regular Season,2025-10-22T02:00:00Z,1610612747,1610612744,109,119,FINAL,cdn
0022500003,2025-26,Regular Season,2025-10-22T23:00:00Z,1610612752,1610612739,119,111,FINAL,cdn
0022500004,2025-26,Regular Season,2025-10-23T01:30:00Z,1610612742,1610612759,92,125,FINAL,cdn
0022500005,2025-26,Regular Season,2025-10-23T23:30:00Z,1610612754,1610612760,135,141,FINAL,cdn
0022500006,2025-26,Regular Season,2025-10-24T02:00:00Z,1610612744,1610612743,137,131,FINAL,cdn
0022500007,2025-26,Regular Season,2025-10-27T23:00:00Z,1610612765,1610612739,95,116,FINAL,cdn
0022500008,2025-26,Regular Season,2025-10-28T01:30:00Z,1610612750,1610612743,114,127,FINAL,cdn
0022500009,2025-26,Regular Season,2025-12-25T17:00:00Z,1610612752,1610612739,126,124,FINAL,cdn
0022500010,2025-26,Regular Season,2025-12-25T19:30:00Z,1610612760,1610612759,102,117,FINAL,cdn
0022500011,2025-26,Regular Season,2025-12-25T22:00:00Z,1610612744,1610612742,126,116,FINAL,cdn
0022500012,2025-26,Regular Season,2025-12-26T01:00:00Z,1610612747,1610612745,96,119,FINAL,cdn
0022500013,2025-26,Regular Season,2025-12-26T03:30:00Z,1610612743,1610612750,142,138,FINAL,cdn
0022500014,2025-26,Regular Season,2026-01-19T18:00:00Z,1610612737,1610612749,110,112,FINAL,cdn
0022500015,2025-26,Regular Season,2026-01-19T19:30:00Z,1610612739,1610612760,104,136,FINAL,cdn
0022500016,2025-26,Regular Season,2026-01-19T22:00:00Z,1610612752,1610612742,97,114,FINAL,cdn
0022500017,2025-26,Regular Season,2026-01-20T01:00:00Z,1610612765,1610612738,104,103,FINAL,cdn
0022500018,2025-26,Regular Season,2025-10-24T23:30:00Z,1610612752,1610612738,105,95,FINAL,cdn
0022500019,2025-26,Regular Season,2025-10-25T02:00:00Z,1610612747,1610612750,128,110,FINAL,cdn
0022500020,2025-26,Regular Season,2025-10-31T23:00:00Z,1610612754,1610612737,108,128,FINAL,cdn
0022500021,2025-26,Regular Season,2025-10-31T23:00:00Z,1610612755,1610612738,108,109,FINAL,cdn
0022500022,2025-26,Regular Season,2025-10-31T23:30:00Z,1610612739,1610612761,101,112,FINAL,cdn
0022500023,2025-26,Regular Season,2025-11-01T00:00:00Z,1610612741,1610612752,135,125,FINAL,cdn
0022500024,2025-26,Regular Season,2025-11-01T01:30:00Z,1610612763,1610612747,112,117,FINAL,cdn
0022500025,2025-26,Regular Season,2025-11-01T02:00:00Z,1610612756,1610612762,118,96,FINAL,cdn
0022500026,2025-26,Regular Season,2025-11-01T02:00:00Z,1610612757,1610612743,109,107,FINAL,cdn
0022500027,2025-26,Regular Season,2025-11-01T02:30:00Z,1610612746,1610612740,126,124,FINAL,cdn
0022500028,2025-26,Regular Season,2025-11-08T00:00:00Z,1610612753,1610612738,123,110,FINAL,cdn
0022500029,2025-26,Regular Season,2025-11-08T00:00:00Z,1610612764,1610612739,114,148,FINAL,cdn
0022500030,2025-26,Regular Season,2025-11-08T00:30:00Z,1610612737,1610612761,97,109,FINAL,cdn
0022500031,2025-26,Regular Season,2025-11-08T00:30:00Z,1610612751,1610612765,107,125,FINAL,cdn
0022500032,2025-26,Regular Season,2025-11-08T00:30:00Z,1610612759,1610612745,121,110,FINAL,cdn
0022500033,2025-26,Regular Season,2025-11-08T01:00:00Z,1610612748,1610612766,126,108,FINAL,cdn
0022500034,2025-26,Regular Season,2025-11-08T01:00:00Z,1610612763,1610612742,118,104,FINAL,cdn
0022500035,2025-26,Regular Season,2025-11-08T01:00:00Z,1610612749,1610612741,126,110,FINAL,cdn
0022500036,2025-26,Regular Season,2025-11-08T01:00:00Z,1610612750,1610612762,137,97,FINAL,cdn
0022500037,2025-26,Regular Season,2025-11-08T03:00:00Z,1610612743,1610612744,129,104,FINAL,cdn
0022500038,2025-26,Regular Season,2025-11-08T03:00:00Z,1610612758,1610612760,101,132,FINAL,cdn
0022500060,2025-26,Regular Season,2025-11-26T22:00:00Z,1610612738,1610612765,117,114,FINAL,cdn
0022500061,2025-26,Regular Season,2025-11-27T00:00:00Z,1610612766,1610612752,101,129,FINAL,cdn
0022500062,2025-26,Regular Season,2025-11-27T00:30:00Z,1610612748,1610612749,106,103,FINAL,cdn
0022500063,2025-26,Regular Season,2025-11-27T00:30:00Z,1610612761,1610612754,97,95,FINAL,cdn
0022500064,2025-26,Regular Season,2025-11-27T00:30:00Z,1610612760,1610612750,113,105,FINAL,cdn
0022500065,2025-26,Regular Season,2025-11-27T01:00:00Z,1610612740,1610612763,128,133,FINAL,cdn
0022500066,2025-26,Regular Season,2025-11-27T03:00:00Z,1610612744,1610612745,100,104,FINAL,cdn
0022500067,2025-26,Regular Season,2025-11-27T03:00:00Z,1610612757,1610612759,102,115,FINAL,cdn
0022500068,2025-26,Regular Season,2025-11-27T03:00:00Z,1610612758,1610612756,100,112,FINAL,cdn
0022500080,2025-26,Regular Season,2025-10-22T23:00:00Z,1610612766,1610612751,136,117,FINAL,cdn
0022500081,2025-26,Regular Season,2025-10-22T23:00:00Z,1610612753,1610612748,125,121,FINAL,cdn
0022500082,2025-26,Regular Season,2025-10-22T23:30:00Z,1610612737,1610612761,118,138,FINAL,cdn
0022500083,2025-26,Regular Season,2025-10-22T23:30:00Z,1610612738,1610612755,116,117,FINAL,cdn
0022500084,2025-26,Regular Season,2025-10-23T00:00:00Z,1610612741,1610612765,115,111,FINAL,cdn
0022500085,2025-26,Regular Season,2025-10-23T00:00:00Z,1610612763,1610612740,128,122,FINAL,cdn
0022500086,2025-26,Regular Season,2025-10-23T00:00:00Z,1610612749,1610612764,133,120,FINAL,cdn
0022500087,2025-26,Regular Season,2025-10-23T01:00:00Z,1610612762,1610612746,129,108,FINAL,cdn
0022500088,2025-26,Regular Season,2025-10-23T02:00:00Z,1610612756,1610612758,120,116,FINAL,cdn
0022500089,2025-26,Regular Season,2025-10-23T02:00:00Z,1610612757,1610612750,114,118,FINAL,cdn
0022500090,2025-26,Regular Season,2025-10-24T23:00:00Z,1610612753,1610612737,107,111,FINAL,cdn
0022500091,2025-26,Regular Season,2025-10-24T23:30:00Z,1610612751,1610612739,124,131,FINAL,cdn
0022500092,2025-26,Regular Season,2025-10-24T22:30:00Z,1610612761,1610612749,116,122,FINAL,cdn
0022500093,2025-26,Regular Season,2025-10-25T00:00:00Z,1610612745,1610612765,111,115,FINAL,cdn
0022500094,2025-26,Regular Season,2025-10-25T00:00:00Z,1610612763,1610612748,114,146,FINAL,cdn
0022500095,2025-26,Regular Season,2025-10-25T00:00:00Z,1610612740,1610612759,116,120,FINAL,cdn
0022500096,2025-26,Regular Season,2025-10-25T00:30:00Z,1610612742,1610612764,107,117,FINAL,cdn
0022500097,2025-26,Regular Season,2025-10-25T02:00:00Z,1610612757,1610612744,139,119,FINAL,cdn
0022500098,2025-26,Regular Season,2025-10-25T02:00:00Z,1610612758,1610612762,105,104,FINAL,cdn
0022500099,2025-26,Regular Season,2025-10-25T02:30:00Z,1610612746,1610612756,129,102,FINAL,cdn
0022500100,2025-26,Regular Season,2025-10-25T23:00:00Z,1610612753,1610612741,98,110,FINAL,cdn
0022500101,2025-26,Regular Season,2025-10-25T23:30:00Z,1610612737,1610612760,100,117,FINAL,cdn
0022500102,2025-26,Regular Season,2025-10-25T23:30:00Z,1610612755,1610612766,125,121,FINAL,cdn
0022500103,2025-26,Regular Season,2025-10-26T00:00:00Z,1610612763,1610612754,128,103,FINAL,cdn
0022500104,2025-26,Regular Season,2025-10-26T01:00:00Z,1610612743,1610612756,133,111,FINAL,cdn
0022500105,2025-26,Regular Season,2025-10-26T18:00:00Z,1610612759,1610612751,118,107,FINAL,cdn
0022500106,2025-26,Regular Season,2025-10-26T19:30:00Z,1610612765,1610612738,119,113,FINAL,cdn
0022500107,2025-26,Regular Season,2025-10-26T22:00:00Z,1610612739,1610612749,118,113,FINAL,cdn
0022500108,2025-26,Regular Season,2025-10-26T22:00:00Z,1610612748,1610612752,115,107,FINAL,cdn
0022500109,2025-26,Regular Season,2025-10-26T22:00:00Z,1610612764,1610612766,113,139,FINAL,cdn
0022500110,2025-26,Regular Season,2025-10-26T23:00:00Z,1610612750,1610612754,114,110,FINAL,cdn
0022500111,2025-26,Regular Season,2025-10-26T23:30:00Z,1610612742,1610612761,139,129,FINAL,cdn
0022500112,2025-26,Regular Season,2025-10-27T01:00:00Z,1610612746,1610612757,114,107,FINAL,cdn
0022500113,2025-26,Regular Season,2025-10-27T01:00:00Z,1610612758,1610612747,120,127,FINAL,cdn
0022500114,2025-26,Regular Season,2025-10-27T23:00:00Z,1610612755,1610612753,136,124,FINAL,cdn
0022500115,2025-26,Regular Season,2025-10-28T00:00:00Z,1610612741,1610612737,128,123,FINAL,cdn
0022500116,2025-26,Regular Season,2025-10-28T00:00:00Z,1610612745,1610612751,137,109,FINAL,cdn
0022500117,2025-26,Regular Season,2025-10-28T00:00:00Z,1610612740,1610612738,90,122,FINAL,cdn
0022500118,2025-26,Regular Season,2025-10-28T00:00:00Z,1610612759,1610612761,121,103,FINAL,cdn
0022500119,2025-26,Regular Season,2025-10-28T00:30:00Z,1610612742,1610612760,94,101,FINAL,cdn
0022500120,2025-26,Regular Season,2025-10-28T01:00:00Z,1610612762,1610612756,138,134,FINAL,cdn
0022500121,2025-26,Regular Season,2025-10-28T02:00:00Z,1610612744,1610612763,131,118,FINAL,cdn
0022500122,2025-26,Regular Season,2025-10-28T02:30:00Z,1610612747,1610612757,108,122,FINAL,cdn
0022500123,2025-26,Regular Season,2025-10-28T23:00:00Z,1610612764,1610612755,134,139,FINAL,cdn
0022500124,2025-26,Regular Season,2025-10-28T23:30:00Z,1610612748,1610612766,144,117,FINAL,cdn
0022500125,2025-26,Regular Season,2025-10-29T00:00:00Z,1610612749,1610612752,121,111,FINAL,cdn
0022500126,2025-26,Regular Season,2025-10-29T00:00:00Z,1610612760,1610612758,107,101,FINAL,cdn
0022500127,2025-26,Regular Season,2025-10-29T03:00:00Z,1610612744,1610612746,98,79,FINAL,cdn
0022500128,2025-26,Regular Season,2025-10-29T23:00:00Z,1610612738,1610612739,125,105,FINAL,cdn
0022500129,2025-26,Regular Season,2025-10-29T23:00:00Z,1610612765,1610612753,135,116,FINAL,cdn
0022500130,2025-26,Regular Season,2025-10-29T23:30:00Z,1610612751,1610612737,112,117,FINAL,cdn
0022500131,2025-26,Regular Season,2025-10-29T22:30:00Z,1610612761,1610612745,121,139,FINAL,cdn
0022500132,2025-26,Regular Season,2025-10-30T00:00:00Z,1610612741,1610612758,126,113,FINAL,cdn
0022500133,2025-26,Regular Season,2025-10-30T00:30:00Z,1610612742,1610612754,107,105,FINAL,cdn
0022500134,2025-26,Regular Season,2025-10-30T01:00:00Z,1610612743,1610612740,122,88,FINAL,cdn
0022500135,2025-26,Regular Season,2025-10-30T01:00:00Z,1610612762,1610612757,134,136,FINAL,cdn
0022500136,2025-26,Regular Season,2025-10-30T01:30:00Z,1610612750,1610612747,115,116,FINAL,cdn
0022500137,2025-26,Regular Season,2025-10-30T02:00:00Z,1610612756,1610612763,113,114,FINAL,cdn
0022500138,2025-26,Regular Season,2025-10-30T23:00:00Z,1610612766,1610612753,107,123,FINAL,cdn
0022500139,2025-26,Regular Season,2025-10-31T00:00:00Z,1610612749,1610612744,120,110,FINAL,cdn
0022500140,2025-26,Regular Season,2025-10-31T00:00:00Z,1610612760,1610612764,127,108,FINAL,cdn
0022500141,2025-26,Regular Season,2025-10-31T00:30:00Z,1610612759,1610612748,107,101,FINAL,cdn
0022500142,2025-26,Regular Season,2025-11-01T21:00:00Z,1610612749,1610612758,133,135,FINAL,cdn
0022500143,2025-26,Regular Season,2025-11-01T22:00:00Z,1610612766,1610612750,105,122,FINAL,cdn
0022500144,2025-26,Regular Season,2025-11-01T23:00:00Z,1610612754,1610612744,114,109,FINAL,cdn
0022500145,2025-26,Regular Season,2025-11-01T23:00:00Z,1610612764,1610612753,94,125,FINAL,cdn
0022500146,2025-26,Regular Season,2025-11-02T00:00:00Z,1610612738,1610612745,101,128,FINAL,cdn
0022500147,2025-26,Regular Season,2025-11-02T02:00:00Z,1610612765,1610612742,122,110,FINAL,cdn
0022500148,2025-26,Regular Season,2025-11-02T20:30:00Z,1610612760,1610612740,137,106,FINAL,cdn
0022500149,2025-26,Regular Season,2025-11-02T23:00:00Z,1610612751,1610612755,105,129,FINAL,cdn
0022500150,2025-26,Regular Season,2025-11-02T23:00:00Z,1610612766,1610612762,126,103,FINAL,cdn
0022500151,2025-26,Regular Season,2025-11-02T23:00:00Z,1610612739,1610612737,117,109,FINAL,cdn
0022500152,2025-26,Regular Season,2025-11-02T23:00:00Z,1610612761,1610612763,117,104,FINAL,cdn
0022500153,2025-26,Regular Season,2025-11-03T00:00:00Z,1610612752,1610612741,128,116,FINAL,cdn
0022500154,2025-26,Regular Season,2025-11-03T01:00:00Z,1610612756,1610612759,130,118,FINAL,cdn
0022500155,2025-26,Regular Season,2025-11-03T02:30:00Z,1610612747,1610612748,130,120,FINAL,cdn
0022500156,2025-26,Regular Season,2025-11-04T00:00:00Z,1610612751,1610612750,109,125,FINAL,cdn
0022500157,2025-26,Regular Season,2025-11-04T00:00:00Z,1610612754,1610612749,115,117,FINAL,cdn
0022500158,2025-26,Regular Season,2025-11-04T00:30:00Z,1610612738,1610612762,103,105,FINAL,cdn
0022500159,2025-26,Regular Season,2025-11-04T00:30:00Z,1610612752,1610612764,119,102,FINAL,cdn
0022500160,2025-26,Regular Season,2025-11-04T01:00:00Z,1610612745,1610612742,110,102,FINAL,cdn
0022500161,2025-26,Regular Season,2025-11-04T01:00:00Z,1610612763,1610612765,106,114,FINAL,cdn
0022500162,2025-26,Regular Season,2025-11-04T02:00:00Z,1610612743,1610612758,130,124,FINAL,cdn
0022500163,2025-26,Regular Season,2025-11-04T03:00:00Z,1610612757,1610612747,115,123,FINAL,cdn
0022500164,2025-26,Regular Season,2025-11-04T03:30:00Z,1610612746,1610612748,119,120,FINAL,cdn
0022500165,2025-26,Regular Season,2025-11-05T00:30:00Z,1610612761,1610612749,128,100,FINAL,cdn
0022500166,2025-26,Regular Season,2025-11-05T01:00:00Z,1610612737,1610612753,127,112,FINAL,cdn
0022500167,2025-26,Regular Season,2025-11-05T01:00:00Z,1610612741,1610612755,113,111,FINAL,cdn
0022500168,2025-26,Regular Season,2025-11-05T01:00:00Z,1610612740,1610612766,116,112,FINAL,cdn
0022500169,2025-26,Regular Season,2025-11-05T03:00:00Z,1610612744,1610612756,118,107,FINAL,cdn
0022500170,2025-26,Regular Season,2025-11-05T04:00:00Z,1610612746,1610612760,107,126,FINAL,cdn
0022500171,2025-26,Regular Season,2025-11-06T00:00:00Z,1610612739,1610612755,132,121,FINAL,cdn
0022500172,2025-26,Regular Season,2025-11-06T00:00:00Z,1610612765,1610612762,114,103,FINAL,cdn
0022500173,2025-26,Regular Season,2025-11-06T00:00:00Z,1610612754,1610612751,103,112,FINAL,cdn
0022500174,2025-26,Regular Season,2025-11-06T00:30:00Z,1610612738,1610612764,136,107,FINAL,cdn
0022500175,2025-26,Regular Season,2025-11-06T00:30:00Z,1610612752,1610612750,137,114,FINAL,cdn
0022500176,2025-26,Regular Season,2025-11-06T01:00:00Z,1610612763,1610612745,109,124,FINAL,cdn
0022500177,2025-26,Regular Season,2025-11-06T01:30:00Z,1610612742,1610612740,99,101,FINAL,cdn
0022500178,2025-26,Regular Season,2025-11-06T02:00:00Z,1610612743,1610612748,122,112,FINAL,cdn
0022500179,2025-26,Regular Season,2025-11-06T03:00:00Z,1610612747,1610612759,118,116,FINAL,cdn
0022500180,2025-26,Regular Season,2025-11-06T03:00:00Z,1610612757,1610612760,121,119,FINAL,cdn
0022500181,2025-26,Regular Season,2025-11-06T03:00:00Z,1610612758,1610612744,121,116,FINAL,cdn
0022500182,2025-26,Regular Season,2025-11-07T02:00:00Z,1610612756,1610612746,115,102,FINAL,cdn
0022500191,2025-26,Regular Season,2025-11-09T20:30:00Z,1610612749,1610612745,115,122,FINAL,cdn
0022500192,2025-26,Regular Season,2025-11-09T23:00:00Z,1610612752,1610612751,134,98,FINAL,cdn
0022500193,2025-26,Regular Season,2025-11-09T23:00:00Z,1610612753,1610612738,107,111,FINAL,cdn
0022500194,2025-26,Regular Season,2025-11-09T23:00:00Z,1610612763,1610612760,100,114,FINAL,cdn
0022500195,2025-26,Regular Season,2025-11-10T00:30:00Z,1610612755,1610612765,108,111,FINAL,cdn
0022500196,2025-26,Regular Season,2025-11-10T01:30:00Z,1610612744,1610612754,114,83,FINAL,cdn
0022500197,2025-26,Regular Season,2025-11-10T02:00:00Z,1610612758,1610612750,117,144,FINAL,cdn
0022500198,2025-26,Regular Season,2025-11-11T00:00:00Z,1610612766,1610612747,111,121,FINAL,cdn
0022500199,2025-26,Regular Season,2025-11-11T00:00:00Z,1610612765,1610612764,137,135,FINAL,cdn
0022500200,2025-26,Regular Season,2025-11-11T00:00:00Z,1610612753,1610612757,115,112,FINAL,cdn
0022500201,2025-26,Regular Season,2025-11-11T00:30:00Z,1610612748,1610612739,140,138,FINAL,cdn
0022500202,2025-26,Regular Season,2025-11-11T01:00:00Z,1610612741,1610612759,117,121,FINAL,cdn
0022500203,2025-26,Regular Season,2025-11-11T01:30:00Z,1610612742,1610612749,114,116,FINAL,cdn
0022500204,2025-26,Regular Season,2025-11-11T02:00:00Z,1610612756,1610612740,121,98,FINAL,cdn
0022500205,2025-26,Regular Season,2025-11-11T02:00:00Z,1610612762,1610612750,113,120,FINAL,cdn
0022500206,2025-26,Regular Season,2025-11-11T03:30:00Z,1610612746,1610612737,102,105,FINAL,cdn
0022500207,2025-26,Regular Season,2025-11-12T00:30:00Z,1610612751,1610612761,109,119,FINAL,cdn
0022500208,2025-26,Regular Season,2025-11-12T00:30:00Z,1610612752,1610612763,133,120,FINAL,cdn
0022500209,2025-26,Regular Season,2025-11-12T01:00:00Z,1610612755,1610612738,102,100,FINAL,cdn
0022500210,2025-26,Regular Season,2025-11-12T01:00:00Z,1610612760,1610612744,126,102,FINAL,cdn
0022500211,2025-26,Regular Season,2025-11-12T02:00:00Z,1610612762,1610612754,152,128,FINAL,cdn
0022500212,2025-26,Regular Season,2025-11-12T04:00:00Z,1610612758,1610612743,108,122,FINAL,cdn
0022500213,2025-26,Regular Season,2025-11-13T00:00:00Z,1610612766,1610612749,111,100,FINAL,cdn
0022500214,2025-26,Regular Season,2025-11-13T00:00:00Z,1610612765,1610612741,124,113,FINAL,cdn
0022500215,2025-26,Regular Season,2025-11-13T00:00:00Z,1610612752,1610612753,107,124,FINAL,cdn
0022500216,2025-26,Regular Season,2025-11-13T00:30:00Z,1610612738,1610612763,131,95,FINAL,cdn
0022500217,2025-26,Regular Season,2025-11-13T00:30:00Z,1610612748,1610612739,116,130,FINAL,cdn
0022500218,2025-26,Regular Season,2025-11-13T01:00:00Z,1610612745,1610612764,135,112,FINAL,cdn
0022500219,2025-26,Regular Season,2025-11-13T01:00:00Z,1610612740,1610612757,117,125,FINAL,cdn
0022500220,2025-26,Regular Season,2025-11-13T01:00:00Z,1610612759,1610612744,120,125,FINAL,cdn
0022500221,2025-26,Regular Season,2025-11-13T01:30:00Z,1610612742,1610612756,114,123,FINAL,cdn
0022500222,2025-26,Regular Season,2025-11-13T02:30:00Z,1610612760,1610612747,121,92,FINAL,cdn
0022500223,2025-26,Regular Season,2025-11-13T03:00:00Z,1610612758,1610612737,100,133,FINAL,cdn
0022500224,2025-26,Regular Season,2025-11-13T03:30:00Z,1610612746,1610612743,116,130,FINAL,cdn
0022500225,2025-26,Regular Season,2025-11-14T00:00:00Z,1610612739,1610612761,113,126,FINAL,cdn
0022500226,2025-26,Regular Season,2025-11-14T02:00:00Z,1610612756,1610612754,133,98,FINAL,cdn
0022500227,2025-26,Regular Season,2025-11-14T02:00:00Z,1610612762,1610612737,122,132,FINAL,cdn
0022500228,2025-26,Regular Season,2025-11-15T22:00:00Z,1610612739,1610612763,108,100,FINAL,cdn
0022500229,2025-26,Regular Season,2025-11-16T00:00:00Z,1610612766,1610612760,96,109,FINAL,cdn
0022500230,2025-26,Regular Season,2025-11-16T00:00:00Z,1610612754,1610612761,111,129,FINAL,cdn
0022500231,2025-26,Regular Season,2025-11-16T01:00:00Z,1610612749,1610612747,95,119,FINAL,cdn
0022500232,2025-26,Regular Season,2025-11-16T01:00:00Z,1610612750,1610612743,112,123,FINAL,cdn
0022500233,2025-26,Regular Season,2025-11-16T20:30:00Z,1610612738,1610612746,121,118,FINAL,cdn
0022500234,2025-26,Regular Season,2025-11-16T21:00:00Z,1610612759,1610612758,123,110,FINAL,cdn
0022500235,2025-26,Regular Season,2025-11-16T23:00:00Z,1610612764,1610612751,106,129,FINAL,cdn
0022500236,2025-26,Regular Season,2025-11-17T00:00:00Z,1610612745,1610612753,117,113,FINAL,cdn
0022500237,2025-26,Regular Season,2025-11-17T00:00:00Z,1610612740,1610612744,106,124,FINAL,cdn
0022500238,2025-26,Regular Season,2025-11-17T00:30:00Z,1610612742,1610612757,138,133,FINAL,cdn
0022500239,2025-26,Regular Season,2025-11-17T01:00:00Z,1610612756,1610612737,122,124,FINAL,cdn
0022500240,2025-26,Regular Season,2025-11-17T01:00:00Z,1610612762,1610612741,150,147,FINAL,cdn
0022500241,2025-26,Regular Season,2025-11-18T00:00:00Z,1610612739,1610612749,118,106,FINAL,cdn
0022500242,2025-26,Regular Season,2025-11-18T00:00:00Z,1610612765,1610612754,127,112,FINAL,cdn
0022500243,2025-26,Regular Season,2025-11-18T00:00:00Z,1610612755,1610612746,110,108,FINAL,cdn
0022500244,2025-26,Regular Season,2025-11-18T00:30:00Z,1610612748,1610612752,115,113,FINAL,cdn
0022500245,2025-26,Regular Season,2025-11-18T00:30:00Z,1610612761,1610612766,110,108,FINAL,cdn
0022500246,2025-26,Regular Season,2025-11-18T01:00:00Z,1610612750,1610612742,120,96,FINAL,cdn
0022500247,2025-26,Regular Season,2025-11-18T01:00:00Z,1610612740,1610612760,109,126,FINAL,cdn
0022500248,2025-26,Regular Season,2025-11-18T02:00:00Z,1610612743,1610612741,127,130,FINAL,cdn
0022500249,2025-26,Regular Season,2025-11-19T00:00:00Z,1610612753,1610612744,121,113,FINAL,cdn
0022500250,2025-26,Regular Season,2025-11-19T00:30:00Z,1610612751,1610612738,99,113,FINAL,cdn
0022500251,2025-26,Regular Season,2025-11-19T00:30:00Z,1610612737,1610612765,112,120,FINAL,cdn
0022500252,2025-26,Regular Season,2025-11-19T01:00:00Z,1610612759,1610612763,111,101,FINAL,cdn
0022500253,2025-26,Regular Season,2025-11-19T03:30:00Z,1610612747,1610612762,140,126,FINAL,cdn
0022500254,2025-26,Regular Season,2025-11-19T04:00:00Z,1610612757,1610612756,110,127,FINAL,cdn
0022500255,2025-26,Regular Season,2025-11-20T00:00:00Z,1610612739,1610612745,104,114,FINAL,cdn
0022500256,2025-26,Regular Season,2025-11-20T00:00:00Z,1610612754,1610612766,127,118,FINAL,cdn
0022500257,2025-26,Regular Season,2025-11-20T00:30:00Z,1610612748,1610612744,110,96,FINAL,cdn
0022500258,2025-26,Regular Season,2025-11-20T00:00:00Z,1610612755,1610612761,112,121,FINAL,cdn
0022500259,2025-26,Regular Season,2025-11-20T01:00:00Z,1610612750,1610612764,120,109,FINAL,cdn
0022500260,2025-26,Regular Season,2025-11-20T01:00:00Z,1610612740,1610612743,118,125,FINAL,cdn
0022500261,2025-26,Regular Season,2025-11-20T01:00:00Z,1610612760,1610612758,113,99,FINAL,cdn
0022500262,2025-26,Regular Season,2025-11-20T02:30:00Z,1610612742,1610612752,111,113,FINAL,cdn
0022500263,2025-26,Regular Season,2025-11-20T03:00:00Z,1610612757,1610612741,121,122,FINAL,cdn
0022500264,2025-26,Regular Season,2025-11-21T00:00:00Z,1610612753,1610612746,129,101,FINAL,cdn
0022500265,2025-26,Regular Season,2025-11-21T01:00:00Z,1610612763,1610612758,137,96,FINAL,cdn
0022500266,2025-26,Regular Season,2025-11-21T01:00:00Z,1610612749,1610612755,114,123,FINAL,cdn
0022500267,2025-26,Regular Season,2025-11-21T01:00:00Z,1610612759,1610612737,135,126,FINAL,cdn
0022500268,2025-26,Regular Season,2025-11-22T18:00:00Z,1610612766,1610612746,116,131,FINAL,cdn
0022500269,2025-26,Regular Season,2025-11-22T22:00:00Z,1610612753,1610612752,133,121,FINAL,cdn
0022500270,2025-26,Regular Season,2025-11-23T00:00:00Z,1610612740,1610612737,98,115,FINAL,cdn
0022500271,2025-26,Regular Season,2025-11-23T01:00:00Z,1610612741,1610612764,121,120,FINAL,cdn
0022500272,2025-26,Regular Season,2025-11-23T01:00:00Z,1610612749,1610612765,116,129,FINAL,cdn
0022500273,2025-26,Regular Season,2025-11-23T01:30:00Z,1610612742,1610612763,96,102,FINAL,cdn
0022500274,2025-26,Regular Season,2025-11-23T03:00:00Z,1610612743,1610612758,123,128,FINAL,cdn
0022500275,2025-26,Regular Season,2025-11-23T18:00:00Z,1610612755,1610612748,117,127,FINAL,cdn
0022500276,2025-26,Regular Season,2025-11-23T23:00:00Z,1610612737,1610612766,113,110,FINAL,cdn
0022500277,2025-26,Regular Season,2025-11-23T23:00:00Z,1610612738,1610612753,138,129,FINAL,cdn
0022500278,2025-26,Regular Season,2025-11-23T23:00:00Z,1610612739,1610612746,120,105,FINAL,cdn
0022500279,2025-26,Regular Season,2025-11-23T23:00:00Z,1610612761,1610612751,119,109,FINAL,cdn
0022500280,2025-26,Regular Season,2025-11-24T00:00:00Z,1610612760,1610612757,122,95,FINAL,cdn
0022500281,2025-26,Regular Season,2025-11-24T01:00:00Z,1610612756,1610612759,111,102,FINAL,cdn
0022500282,2025-26,Regular Season,2025-11-24T01:00:00Z,1610612762,1610612747,106,108,FINAL,cdn
0022500283,2025-26,Regular Season,2025-11-25T00:00:00Z,1610612754,1610612765,117,122,FINAL,cdn
0022500284,2025-26,Regular Season,2025-11-25T00:00:00Z,1610612761,1610612739,110,99,FINAL,cdn
0022500285,2025-26,Regular Season,2025-11-25T00:30:00Z,1610612751,1610612752,100,113,FINAL,cdn
0022500286,2025-26,Regular Season,2025-11-25T00:30:00Z,1610612748,1610612742,106,102,FINAL,cdn
0022500287,2025-26,Regular Season,2025-11-25T01:00:00Z,1610612763,1610612743,115,125,FINAL,cdn
0022500288,2025-26,Regular Season,2025-11-25T01:00:00Z,1610612749,1610612757,103,115,FINAL,cdn
0022500289,2025-26,Regular Season,2025-11-25T01:00:00Z,1610612740,1610612741,143,130,FINAL,cdn
0022500290,2025-26,Regular Season,2025-11-25T02:30:00Z,1610612756,1610612745,92,114,FINAL,cdn
0022500291,2025-26,Regular Season,2025-11-25T03:00:00Z,1610612744,1610612762,134,117,FINAL,cdn
0022500292,2025-26,Regular Season,2025-11-25T03:00:00Z,1610612758,1610612750,117,112,FINAL,cdn
0022500293,2025-26,Regular Season,2025-11-29T22:00:00Z,1610612750,1610612738,119,115,FINAL,cdn
0022500294,2025-26,Regular Season,2025-11-29T23:00:00Z,1610612766,1610612761,118,111,FINAL,cdn
0022500295,2025-26,Regular Season,2025-11-30T00:30:00Z,1610612754,1610612741,103,101,FINAL,cdn
0022500296,2025-26,Regular Season,2025-11-30T01:00:00Z,1610612748,1610612765,135,138,FINAL,cdn
0022500297,2025-26,Regular Season,2025-11-30T01:00:00Z,1610612749,1610612751,116,99,FINAL,cdn
0022500298,2025-26,Regular Season,2025-11-30T01:30:00Z,1610612744,1610612740,104,96,FINAL,cdn
0022500299,2025-26,Regular Season,2025-11-30T02:00:00Z,1610612756,1610612743,112,130,FINAL,cdn
0022500300,2025-26,Regular Season,2025-11-30T03:00:00Z,1610612746,1610612742,110,114,FINAL,cdn
0022500301,2025-26,Regular Season,2025-11-30T20:00:00Z,1610612762,1610612745,101,129,FINAL,cdn
0022500302,2025-26,Regular Season,2025-11-30T23:00:00Z,1610612739,1610612738,115,117,FINAL,cdn
0022500303,2025-26,Regular Season,2025-11-30T23:00:00Z,1610612752,1610612761,116,94,FINAL,cdn
0022500304,2025-26,Regular Season,2025-11-30T23:00:00Z,1610612755,1610612737,134,142,FINAL,cdn
0022500305,2025-26,Regular Season,2025-11-30T23:00:00Z,1610612757,1610612760,115,123,FINAL,cdn
0022500306,2025-26,Regular Season,2025-12-01T00:00:00Z,1610612750,1610612759,125,112,FINAL,cdn
0022500307,2025-26,Regular Season,2025-12-01T02:00:00Z,1610612758,1610612763,107,115,FINAL,cdn
0022500308,2025-26,Regular Season,2025-12-01T02:30:00Z,1610612747,1610612740,133,121,FINAL,cdn
0022500309,2025-26,Regular Season,2025-12-02T00:00:00Z,1610612765,1610612737,99,98,FINAL,cdn
0022500310,2025-26,Regular Season,2025-12-02T00:00:00Z,1610612754,1610612739,119,135,FINAL,cdn
0022500311,2025-26,Regular Season,2025-12-02T00:00:00Z,1610612764,1610612749,129,126,FINAL,cdn
0022500312,2025-26,Regular Season,2025-12-02T00:30:00Z,1610612751,1610612766,116,103,FINAL,cdn
0022500313,2025-26,Regular Season,2025-12-02T00:30:00Z,1610612748,1610612746,140,123,FINAL,cdn
0022500314,2025-26,Regular Season,2025-12-02T00:30:00Z,1610612753,1610612741,125,120,FINAL,cdn
0022500315,2025-26,Regular Season,2025-12-02T02:00:00Z,1610612743,1610612742,121,131,FINAL,cdn
0022500316,2025-26,Regular Season,2025-12-02T02:00:00Z,1610612762,1610612745,133,125,FINAL,cdn
0022500317,2025-26,Regular Season,2025-12-02T03:00:00Z,1610612747,1610612756,108,125,FINAL,cdn
0022500318,2025-26,Regular Season,2025-12-03T00:00:00Z,1610612755,1610612764,121,102,FINAL,cdn
0022500319,2025-26,Regular Season,2025-12-03T00:30:00Z,1610612761,1610612757,121,118,FINAL,cdn
0022500320,2025-26,Regular Season,2025-12-03T01:00:00Z,1610612738,1610612752,123,117,FINAL,cdn
0022500321,2025-26,Regular Season,2025-12-03T01:00:00Z,1610612740,1610612750,142,149,FINAL,cdn
0022500322,2025-26,Regular Season,2025-12-03T01:00:00Z,1610612759,1610612763,126,119,FINAL,cdn
0022500323,2025-26,Regular Season,2025-12-03T04:00:00Z,1610612744,1610612760,112,124,FINAL,cdn
0022500324,2025-26,Regular Season,2025-12-04T00:00:00Z,1610612739,1610612757,110,122,FINAL,cdn
0022500325,2025-26,Regular Season,2025-12-04T00:00:00Z,1610612754,1610612743,120,135,FINAL,cdn
0022500326,2025-26,Regular Season,2025-12-04T00:00:00Z,1610612753,1610612759,112,114,FINAL,cdn
0022500327,2025-26,Regular Season,2025-12-04T00:30:00Z,1610612737,1610612746,92,115,FINAL,cdn
0022500328,2025-26,Regular Season,2025-12-04T00:30:00Z,1610612752,1610612766,119,104,FINAL,cdn
0022500329,2025-26,Regular Season,2025-12-04T01:00:00Z,1610612741,1610612751,103,113,FINAL,cdn
0022500330,2025-26,Regular Season,2025-12-04T01:00:00Z,1610612745,1610612758,121,95,FINAL,cdn
0022500331,2025-26,Regular Season,2025-12-04T01:00:00Z,1610612749,1610612765,113,109,FINAL,cdn
0022500332,2025-26,Regular Season,2025-12-04T01:30:00Z,1610612742,1610612748,118,108,FINAL,cdn
0022500333,2025-26,Regular Season,2025-12-05T00:00:00Z,1610612755,1610612744,99,98,FINAL,cdn
0022500334,2025-26,Regular Season,2025-12-05T00:00:00Z,1610612764,1610612738,101,146,FINAL,cdn
0022500335,2025-26,Regular Season,2025-12-05T00:30:00Z,1610612751,1610612762,110,123,FINAL,cdn
0022500336,2025-26,Regular Season,2025-12-05T00:30:00Z,1610612761,1610612747,120,123,FINAL,cdn
0022500337,2025-26,Regular Season,2025-12-05T01:00:00Z,1610612740,1610612750,116,125,FINAL,cdn
0022500350,2025-26,Regular Season,2025-12-06T22:00:00Z,1610612751,1610612740,119,101,FINAL,cdn
0022500351,2025-26,Regular Season,2025-12-07T00:00:00Z,1610612764,1610612737,116,131,FINAL,cdn
0022500352,2025-26,Regular Season,2025-12-07T00:30:00Z,1610612739,1610612744,94,99,FINAL,cdn
0022500353,2025-26,Regular Season,2025-12-07T00:30:00Z,1610612765,1610612749,124,112,FINAL,cdn
0022500354,2025-26,Regular Season,2025-12-07T01:00:00Z,1610612748,1610612758,111,127,FINAL,cdn
0022500355,2025-26,Regular Season,2025-12-07T01:00:00Z,1610612750,1610612746,109,106,FINAL,cdn
0022500356,2025-26,Regular Season,2025-12-07T01:30:00Z,1610612742,1610612745,122,109,FINAL,cdn
0022500357,2025-26,Regular Season,2025-12-07T17:00:00Z,1610612752,1610612753,106,100,FINAL,cdn
0022500358,2025-26,Regular Season,2025-12-07T20:30:00Z,1610612761,1610612738,113,121,FINAL,cdn
0022500359,2025-26,Regular Season,2025-12-07T23:00:00Z,1610612766,1610612743,106,115,FINAL,cdn
0022500360,2025-26,Regular Season,2025-12-07T23:00:00Z,1610612763,1610612757,119,96,FINAL,cdn
0022500361,2025-26,Regular Season,2025-12-08T00:00:00Z,1610612741,1610612744,91,123,FINAL,cdn
0022500362,2025-26,Regular Season,2025-12-08T00:30:00Z,1610612755,1610612747,108,112,FINAL,cdn
0022500363,2025-26,Regular Season,2025-12-08T01:00:00Z,1610612762,1610612760,101,131,FINAL,cdn
0022500367,2025-26,Regular Season,2025-12-18T01:00:00Z,1610612741,1610612739,127,111,FINAL,cdn
0022500368,2025-26,Regular Season,2025-12-18T01:00:00Z,1610612750,1610612763,110,116,FINAL,cdn
0022500369,2025-26,Regular Season,2025-12-19T01:00:00Z,1610612760,1610612746,122,101,FINAL,cdn
0022500370,2025-26,Regular Season,2025-12-19T01:00:00Z,1610612759,1610612764,119,94,FINAL,cdn
0022500371,2025-26,Regular Season,2025-12-19T00:00:00Z,1610612766,1610612737,133,126,FINAL,cdn
0022500372,2025-26,Regular Season,2025-12-19T00:00:00Z,1610612754,1610612752,113,114,FINAL,cdn
0022500373,2025-26,Regular Season,2025-12-19T00:30:00Z,1610612751,1610612748,95,106,FINAL,cdn
0022500374,2025-26,Regular Season,2025-12-19T01:00:00Z,1610612749,1610612761,105,111,FINAL,cdn
0022500375,2025-26,Regular Season,2025-12-19T01:00:00Z,1610612740,1610612745,133,128,FINAL,cdn
0022500376,2025-26,Regular Season,2025-12-19T01:30:00Z,1610612742,1610612765,116,114,FINAL,cdn
0022500377,2025-26,Regular Season,2025-12-19T02:00:00Z,1610612743,1610612753,126,115,FINAL,cdn
0022500378,2025-26,Regular Season,2025-12-19T02:00:00Z,1610612756,1610612744,99,98,FINAL,cdn
0022500379,2025-26,Regular Season,2025-12-19T02:00:00Z,1610612762,1610612747,135,143,FINAL,cdn
0022500380,2025-26,Regular Season,2025-12-19T03:00:00Z,1610612757,1610612758,134,133,FINAL,cdn
0022500386,2025-26,Regular Season,2025-12-20T22:00:00Z,1610612743,1610612745,101,115,FINAL,cdn
0022500387,2025-26,Regular Season,2025-12-21T00:00:00Z,1610612755,1610612742,121,114,FINAL,cdn
0022500388,2025-26,Regular Season,2025-12-21T00:00:00Z,1610612761,1610612738,96,112,FINAL,cdn
0022500389,2025-26,Regular Season,2025-12-21T00:00:00Z,1610612740,1610612754,128,109,FINAL,cdn
0022500390,2025-26,Regular Season,2025-12-21T00:30:00Z,1610612765,1610612766,112,86,FINAL,cdn
0022500391,2025-26,Regular Season,2025-12-21T01:00:00Z,1610612763,1610612764,122,130,FINAL,cdn
0022500392,2025-26,Regular Season,2025-12-21T01:30:00Z,1610612744,1610612756,119,116,FINAL,cdn
0022500393,2025-26,Regular Season,2025-12-21T02:30:00Z,1610612762,1610612753,127,128,FINAL,cdn
0022500394,2025-26,Regular Season,2025-12-21T03:00:00Z,1610612758,1610612757,93,98,FINAL,cdn
0022500395,2025-26,Regular Season,2025-12-21T03:30:00Z,1610612746,1610612747,103,88,FINAL,cdn
0022500396,2025-26,Regular Season,2025-12-21T20:30:00Z,1610612737,1610612741,150,152,FINAL,cdn
0022500397,2025-26,Regular Season,2025-12-21T23:00:00Z,1610612751,1610612761,96,81,FINAL,cdn
0022500398,2025-26,Regular Season,2025-12-21T23:00:00Z,1610612752,1610612748,132,125,FINAL,cdn
0022500399,2025-26,Regular Season,2025-12-22T00:00:00Z,1610612764,1610612759,113,124,FINAL,cdn
0022500400,2025-26,Regular Season,2025-12-22T00:00:00Z,1610612750,1610612749,103,100,FINAL,cdn
0022500401,2025-26,Regular Season,2025-12-22T03:00:00Z,1610612758,1610612745,125,124,FINAL,cdn
0022500402,2025-26,Regular Season,2025-12-23T00:00:00Z,1610612739,1610612766,139,132,FINAL,cdn
0022500403,2025-26,Regular Season,2025-12-23T00:30:00Z,1610612738,1610612754,103,95,FINAL,cdn
0022500404,2025-26,Regular Season,2025-12-23T01:00:00Z,1610612740,1610612742,119,113,FINAL,cdn
0022500405,2025-26,Regular Season,2025-12-23T02:00:00Z,1610612743,1610612762,135,112,FINAL,cdn
0022500406,2025-26,Regular Season,2025-12-23T02:30:00Z,1610612760,1610612763,119,103,FINAL,cdn
0022500407,2025-26,Regular Season,2025-12-23T03:00:00Z,1610612744,1610612753,120,97,FINAL,cdn
0022500408,2025-26,Regular Season,2025-12-23T03:00:00Z,1610612757,1610612765,102,110,FINAL,cdn
0022500409,2025-26,Regular Season,2025-12-24T00:00:00Z,1610612766,1610612764,126,109,FINAL,cdn
0022500410,2025-26,Regular Season,2025-12-24T00:00:00Z,1610612755,1610612751,106,114,FINAL,cdn
0022500411,2025-26,Regular Season,2025-12-24T00:30:00Z,1610612737,1610612741,123,126,FINAL,cdn
0022500412,2025-26,Regular Season,2025-12-24T00:30:00Z,1610612739,1610612740,141,118,FINAL,cdn
0022500413,2025-26,Regular Season,2025-12-24T00:30:00Z,1610612754,1610612749,94,111,FINAL,cdn
0022500414,2025-26,Regular Season,2025-12-24T00:30:00Z,1610612748,1610612761,91,112,FINAL,cdn
0022500415,2025-26,Regular Season,2025-12-24T01:00:00Z,1610612742,1610612743,131,130,FINAL,cdn
0022500416,2025-26,Regular Season,2025-12-24T01:00:00Z,1610612750,1610612752,115,104,FINAL,cdn
0022500417,2025-26,Regular Season,2025-12-24T01:30:00Z,1610612759,1610612760,130,110,FINAL,cdn
0022500418,2025-26,Regular Season,2025-12-24T02:00:00Z,1610612756,1610612747,132,108,FINAL,cdn
0022500419,2025-26,Regular Season,2025-12-24T02:00:00Z,1610612762,1610612763,128,137,FINAL,cdn
0022500420,2025-26,Regular Season,2025-12-24T03:00:00Z,1610612757,1610612753,106,110,FINAL,cdn
0022500421,2025-26,Regular Season,2025-12-24T03:00:00Z,1610612758,1610612765,127,136,FINAL,cdn
0022500422,2025-26,Regular Season,2025-12-24T03:30:00Z,1610612746,1610612745,128,108,FINAL,cdn
0022500432,2025-26,Regular Season,2025-12-27T22:00:00Z,1610612758,1610612742,113,107,FINAL,cdn
0022500433,2025-26,Regular Season,2025-12-28T00:00:00Z,1610612753,1610612743,127,126,FINAL,cdn
0022500434,2025-26,Regular Season,2025-12-28T00:00:00Z,1610612740,1610612756,114,123,FINAL,cdn
0022500435,2025-26,Regular Season,2025-12-28T01:00:00Z,1610612737,1610612752,125,128,FINAL,cdn
0022500436,2025-26,Regular Season,2025-12-28T01:00:00Z,1610612748,1610612754,142,116,FINAL,cdn
0022500437,2025-26,Regular Season,2025-12-28T01:00:00Z,1610612741,1610612749,103,112,FINAL,cdn
0022500438,2025-26,Regular Season,2025-12-28T01:00:00Z,1610612745,1610612739,117,100,FINAL,cdn
0022500439,2025-26,Regular Season,2025-12-28T01:00:00Z,1610612750,1610612751,107,123,FINAL,cdn
0022500440,2025-26,Regular Season,2025-12-28T01:00:00Z,1610612759,1610612762,114,127,FINAL,cdn
0022500441,2025-26,Regular Season,2025-12-28T20:30:00Z,1610612761,1610612744,141,127,FINAL,cdn
0022500442,2025-26,Regular Season,2025-12-28T20:30:00Z,1610612760,1610612755,129,104,FINAL,cdn
0022500443,2025-26,Regular Season,2025-12-28T23:00:00Z,1610612764,1610612763,116,112,FINAL,cdn
0022500444,2025-26,Regular Season,2025-12-28T23:00:00Z,1610612757,1610612738,114,108,FINAL,cdn
0022500445,2025-26,Regular Season,2025-12-29T02:00:00Z,1610612746,1610612765,112,99,FINAL,cdn
0022500446,2025-26,Regular Season,2025-12-29T02:30:00Z,1610612747,1610612758,125,101,FINAL,cdn
0022500447,2025-26,Regular Season,2025-12-30T00:00:00Z,1610612766,1610612749,113,123,FINAL,cdn
0022500448,2025-26,Regular Season,2025-12-30T00:00:00Z,1610612764,1610612756,101,115,FINAL,cdn
0022500449,2025-26,Regular Season,2025-12-30T00:30:00Z,1610612751,1610612744,107,120,FINAL,cdn
0022500450,2025-26,Regular Season,2025-12-30T00:30:00Z,1610612748,1610612743,147,123,FINAL,cdn
0022500451,2025-26,Regular Season,2025-12-30T00:30:00Z,1610612761,1610612753,107,106,FINAL,cdn
0022500452,2025-26,Regular Season,2025-12-30T01:00:00Z,1610612741,1610612750,101,136,FINAL,cdn
0022500453,2025-26,Regular Season,2025-12-30T01:00:00Z,1610612745,1610612754,126,119,FINAL,cdn
0022500454,2025-26,Regular Season,2025-12-30T01:00:00Z,1610612740,1610612752,125,130,FINAL,cdn
0022500455,2025-26,Regular Season,2025-12-30T01:00:00Z,1610612760,1610612737,140,129,FINAL,cdn
0022500456,2025-26,Regular Season,2025-12-30T01:00:00Z,1610612759,1610612739,101,113,FINAL,cdn
0022500457,2025-26,Regular Season,2025-12-30T03:30:00Z,1610612757,1610612742,125,122,FINAL,cdn
0022500462,2025-26,Regular Season,2025-12-31T18:00:00Z,1610612766,1610612744,125,132,FINAL,cdn
0022500463,2025-26,Regular Season,2025-12-31T20:00:00Z,1610612737,1610612750,126,102,FINAL,cdn
0022500464,2025-26,Regular Season,2025-12-31T20:00:00Z,1610612754,1610612753,110,112,FINAL,cdn
0022500465,2025-26,Regular Season,2025-12-31T20:30:00Z,1610612739,1610612756,129,113,FINAL,cdn
0022500466,2025-26,Regular Season,2026-01-01T00:00:00Z,1610612741,1610612740,134,118,FINAL,cdn
0022500467,2025-26,Regular Season,2026-01-01T00:00:00Z,1610612759,1610612752,134,132,FINAL,cdn
0022500468,2025-26,Regular Season,2026-01-01T00:30:00Z,1610612761,1610612743,103,106,FINAL,cdn
0022500469,2025-26,Regular Season,2026-01-01T01:00:00Z,1610612749,1610612764,113,114,FINAL,cdn
0022500470,2025-26,Regular Season,2026-01-01T01:00:00Z,1610612760,1610612757,124,95,FINAL,cdn
0022500471,2025-26,Regular Season,2026-01-01T23:00:00Z,1610612751,1610612745,96,120,FINAL,cdn
0022500472,2025-26,Regular Season,2026-01-02T00:00:00Z,1610612765,1610612748,112,118,FINAL,cdn
0022500473,2025-26,Regular Season,2026-01-02T01:30:00Z,1610612742,1610612755,108,123,FINAL,cdn
0022500474,2025-26,Regular Season,2026-01-02T03:00:00Z,1610612758,1610612738,106,120,FINAL,cdn
0022500475,2025-26,Regular Season,2026-01-02T03:30:00Z,1610612746,1610612762,118,101,FINAL,cdn
0022500486,2025-26,Regular Season,2026-01-03T22:00:00Z,1610612748,1610612750,115,125,FINAL,cdn
0022500487,2025-26,Regular Season,2026-01-04T00:30:00Z,1610612752,1610612755,119,130,FINAL,cdn
0022500488,2025-26,Regular Season,2026-01-04T00:30:00Z,1610612761,1610612737,134,117,FINAL,cdn
0022500489,2025-26,Regular Season,2026-01-04T01:00:00Z,1610612741,1610612766,99,112,FINAL,cdn
0022500490,2025-26,Regular Season,2026-01-04T01:00:00Z,1610612759,1610612757,110,115,FINAL,cdn
0022500491,2025-26,Regular Season,2026-01-04T01:30:00Z,1610612742,1610612745,110,104,FINAL,cdn
0022500492,2025-26,Regular Season,2026-01-04T03:00:00Z,1610612744,1610612762,123,114,FINAL,cdn
0022500493,2025-26,Regular Season,2026-01-04T03:30:00Z,1610612746,1610612738,115,146,FINAL,cdn
0022500494,2025-26,Regular Season,2026-01-04T19:00:00Z,1610612739,1610612765,110,114,FINAL,cdn
0022500495,2025-26,Regular Season,2026-01-04T20:00:00Z,1610612753,1610612754,135,127,FINAL,cdn
0022500496,2025-26,Regular Season,2026-01-04T20:30:00Z,1610612751,1610612743,127,115,FINAL,cdn
0022500497,2025-26,Regular Season,2026-01-04T23:00:00Z,1610612748,1610612740,125,106,FINAL,cdn
0022500498,2025-26,Regular Season,2026-01-04T23:00:00Z,1610612764,1610612750,115,141,FINAL,cdn
0022500499,2025-26,Regular Season,2026-01-05T01:00:00Z,1610612756,1610612760,108,105,FINAL,cdn
0022500500,2025-26,Regular Season,2026-01-05T02:00:00Z,1610612758,1610612749,98,115,FINAL,cdn
0022500501,2025-26,Regular Season,2026-01-05T02:30:00Z,1610612747,1610612763,120,114,FINAL,cdn
0022500502,2025-26,Regular Season,2026-01-06T00:00:00Z,1610612765,1610612752,121,90,FINAL,cdn
0022500503,2025-26,Regular Season,2026-01-06T00:30:00Z,1610612738,1610612741,115,101,FINAL,cdn
0022500504,2025-26,Regular Season,2026-01-06T00:30:00Z,1610612761,1610612737,118,100,FINAL,cdn
0022500505,2025-26,Regular Season,2026-01-06T01:00:00Z,1610612745,1610612756,100,97,FINAL,cdn
0022500506,2025-26,Regular Season,2026-01-06T01:00:00Z,1610612760,1610612766,97,124,FINAL,cdn
0022500507,2025-26,Regular Season,2026-01-06T01:30:00Z,1610612755,1610612743,124,125,FINAL,cdn
0022500508,2025-26,Regular Season,2026-01-06T03:00:00Z,1610612746,1610612744,103,102,FINAL,cdn
0022500509,2025-26,Regular Season,2026-01-06T03:00:00Z,1610612757,1610612762,137,117,FINAL,cdn
0022500510,2025-26,Regular Season,2026-01-07T00:00:00Z,1610612754,1610612739,116,120,FINAL,cdn
0022500511,2025-26,Regular Season,2026-01-07T00:00:00Z,1610612764,1610612753,120,112,FINAL,cdn
0022500512,2025-26,Regular Season,2026-01-07T01:00:00Z,1610612763,1610612759,106,105,FINAL,cdn
0022500513,2025-26,Regular Season,2026-01-07T01:00:00Z,1610612750,1610612748,122,94,FINAL,cdn
0022500514,2025-26,Regular Season,2026-01-07T01:00:00Z,1610612740,1610612747,103,111,FINAL,cdn
0022500515,2025-26,Regular Season,2026-01-07T04:00:00Z,1610612758,1610612742,98,100,FINAL,cdn
0022500516,2025-26,Regular Season,2026-01-08T00:00:00Z,1610612766,1610612761,96,97,FINAL,cdn
0022500517,2025-26,Regular Season,2026-01-08T00:00:00Z,1610612765,1610612741,108,93,FINAL,cdn
0022500518,2025-26,Regular Season,2026-01-08T00:00:00Z,1610612755,1610612764,131,110,FINAL,cdn
0022500519,2025-26,Regular Season,2026-01-08T00:30:00Z,1610612737,1610612740,117,100,FINAL,cdn
0022500520,2025-26,Regular Season,2026-01-08T00:00:00Z,1610612738,1610612743,110,114,FINAL,cdn
0022500521,2025-26,Regular Season,2026-01-08T00:30:00Z,1610612751,1610612753,103,104,FINAL,cdn
0022500522,2025-26,Regular Season,2026-01-08T00:30:00Z,1610612752,1610612746,123,111,FINAL,cdn
0022500523,2025-26,Regular Season,2026-01-08T02:30:00Z,1610612759,1610612747,107,91,FINAL,cdn
0022500524,2025-26,Regular Season,2026-01-08T01:00:00Z,1610612763,1610612756,98,117,FINAL,cdn
0022500525,2025-26,Regular Season,2026-01-08T01:00:00Z,1610612760,1610612762,129,125,FINAL,cdn
0022500526,2025-26,Regular Season,2026-01-08T03:00:00Z,1610612744,1610612749,120,113,FINAL,cdn
0022500527,2025-26,Regular Season,2026-01-08T03:00:00Z,1610612757,1610612745,103,102,FINAL,cdn
0022500528,2025-26,Regular Season,2026-01-09T00:00:00Z,1610612766,1610612754,112,114,FINAL,cdn
0022500530,2025-26,Regular Season,2026-01-09T01:00:00Z,1610612750,1610612739,131,122,FINAL,cdn
0022500531,2025-26,Regular Season,2026-01-09T02:00:00Z,1610612762,1610612742,116,114,FINAL,cdn
0022500542,2025-26,Regular Season,2026-01-10T18:00:00Z,1610612739,1610612750,146,134,FINAL,cdn
0022500543,2025-26,Regular Season,2026-01-11T00:00:00Z,1610612754,1610612748,123,99,FINAL,cdn
0022500544,2025-26,Regular Season,2026-01-11T00:30:00Z,1610612765,1610612746,92,98,FINAL,cdn
0022500545,2025-26,Regular Season,2026-01-11T01:00:00Z,1610612738,1610612759,95,100,FINAL,cdn
0022500546,2025-26,Regular Season,2026-01-11T01:00:00Z,1610612741,1610612742,125,107,FINAL,cdn
0022500547,2025-26,Regular Season,2026-01-11T02:30:00Z,1610612762,1610612766,95,150,FINAL,cdn
0022500548,2025-26,Regular Season,2026-01-11T20:00:00Z,1610612753,1610612740,128,118,FINAL,cdn
0022500549,2025-26,Regular Season,2026-01-11T20:30:00Z,1610612763,1610612751,103,98,FINAL,cdn
0022500550,2025-26,Regular Season,2026-01-11T23:00:00Z,1610612761,1610612755,116,115,FINAL,cdn
0022500551,2025-26,Regular Season,2026-01-11T23:00:00Z,1610612757,1610612752,114,123,FINAL,cdn
0022500552,2025-26,Regular Season,2026-01-12T00:00:00Z,1610612750,1610612759,104,103,FINAL,cdn
0022500553,2025-26,Regular Season,2026-01-12T00:00:00Z,1610612760,1610612748,124,112,FINAL,cdn
0022500554,2025-26,Regular Season,2026-01-12T01:00:00Z,1610612743,1610612749,108,104,FINAL,cdn
0022500555,2025-26,Regular Season,2026-01-12T01:00:00Z,1610612756,1610612764,112,93,FINAL,cdn
0022500556,2025-26,Regular Season,2026-01-12T01:30:00Z,1610612744,1610612737,111,124,FINAL,cdn
0022500557,2025-26,Regular Season,2026-01-12T02:00:00Z,1610612758,1610612745,111,98,FINAL,cdn
0022500558,2025-26,Regular Season,2026-01-13T00:00:00Z,1610612739,1610612762,112,123,FINAL,cdn
0022500559,2025-26,Regular Season,2026-01-13T00:30:00Z,1610612754,1610612738,98,96,FINAL,cdn
0022500560,2025-26,Regular Season,2026-01-13T00:30:00Z,1610612761,1610612755,102,115,FINAL,cdn
0022500561,2025-26,Regular Season,2026-01-13T01:30:00Z,1610612742,1610612751,113,105,FINAL,cdn
0022500562,2025-26,Regular Season,2026-01-13T03:00:00Z,1610612758,1610612747,124,112,FINAL,cdn
0022500563,2025-26,Regular Season,2026-01-13T03:30:00Z,1610612746,1610612766,117,109,FINAL,cdn
0022500564,2025-26,Regular Season,2026-01-14T00:30:00Z,1610612748,1610612756,127,121,FINAL,cdn
0022500565,2025-26,Regular Season,2026-01-14T01:00:00Z,1610612745,1610612741,119,113,FINAL,cdn
0022500566,2025-26,Regular Season,2026-01-14T01:00:00Z,1610612749,1610612750,106,139,FINAL,cdn
0022500567,2025-26,Regular Season,2026-01-14T01:00:00Z,1610612740,1610612743,116,122,FINAL,cdn
0022500568,2025-26,Regular Season,2026-01-14T01:00:00Z,1610612760,1610612759,119,98,FINAL,cdn
0022500569,2025-26,Regular Season,2026-01-14T03:30:00Z,1610612747,1610612737,141,116,FINAL,cdn
0022500570,2025-26,Regular Season,2026-01-14T04:00:00Z,1610612744,1610612757,119,97,FINAL,cdn
0022500578,2025-26,Regular Season,2026-01-15T19:00:00Z,1610612753,1610612763,118,111,FINAL,cdn
0022500579,2025-26,Regular Season,2026-01-16T00:00:00Z,1610612765,1610612756,108,105,FINAL,cdn
0022500580,2025-26,Regular Season,2026-01-16T00:30:00Z,1610612748,1610612738,114,119,FINAL,cdn
0022500581,2025-26,Regular Season,2026-01-16T00:30:00Z,1610612745,1610612760,91,111,FINAL,cdn
0022500582,2025-26,Regular Season,2026-01-16T01:00:00Z,1610612759,1610612749,119,101,FINAL,cdn
0022500583,2025-26,Regular Season,2026-01-16T01:30:00Z,1610612742,1610612762,144,122,FINAL,cdn
0022500584,2025-26,Regular Season,2026-01-16T03:00:00Z,1610612744,1610612752,126,113,FINAL,cdn
0022500585,2025-26,Regular Season,2026-01-16T03:00:00Z,1610612757,1610612737,117,101,FINAL,cdn
0022500586,2025-26,Regular Season,2026-01-16T03:30:00Z,1610612747,1610612766,117,135,FINAL,cdn
0022500593,2025-26,Regular Season,2026-01-17T22:00:00Z,1610612742,1610612762,138,120,FINAL,cdn
0022500594,2025-26,Regular Season,2026-01-18T00:30:00Z,1610612737,1610612738,106,132,FINAL,cdn
0022500595,2025-26,Regular Season,2026-01-18T00:30:00Z,1610612765,1610612754,121,78,FINAL,cdn
0022500596,2025-26,Regular Season,2026-01-18T00:30:00Z,1610612752,1610612756,99,106,FINAL,cdn
0022500597,2025-26,Regular Season,2026-01-18T01:00:00Z,1610612748,1610612760,122,120,FINAL,cdn
0022500598,2025-26,Regular Season,2026-01-18T01:00:00Z,1610612759,1610612750,126,123,FINAL,cdn
0022500599,2025-26,Regular Season,2026-01-18T01:30:00Z,1610612744,1610612766,136,116,FINAL,cdn
0022500600,2025-26,Regular Season,2026-01-18T02:00:00Z,1610612743,1610612764,121,115,FINAL,cdn
0022500601,2025-26,Regular Season,2026-01-18T03:00:00Z,1610612757,1610612747,132,116,FINAL,cdn
0022500602,2025-26,Regular Season,2026-01-18T17:00:00Z,1610612763,1610612753,126,109,FINAL,cdn
0022500603,2025-26,Regular Season,2026-01-19T00:00:00Z,1610612741,1610612751,124,102,FINAL,cdn
0022500604,2025-26,Regular Season,2026-01-19T00:00:00Z,1610612745,1610612740,119,110,FINAL,cdn
0022500605,2025-26,Regular Season,2026-01-19T01:00:00Z,1610612743,1610612766,87,110,FINAL,cdn
0022500606,2025-26,Regular Season,2026-01-19T02:00:00Z,1610612758,1610612757,110,117,FINAL,cdn
0022500607,2025-26,Regular Season,2026-01-19T02:30:00Z,1610612747,1610612761,110,93,FINAL,cdn
0022500608,2025-26,Regular Season,2026-01-19T20:00:00Z,1610612764,1610612746,106,110,FINAL,cdn
0022500609,2025-26,Regular Season,2026-01-20T00:00:00Z,1610612755,1610612754,113,104,FINAL,cdn
0022500610,2025-26,Regular Season,2026-01-20T00:30:00Z,1610612751,1610612756,117,126,FINAL,cdn
0022500611,2025-26,Regular Season,2026-01-19T22:00:00Z,1610612759,1610612762,123,110,FINAL,cdn
0022500612,2025-26,Regular Season,2026-01-20T03:00:00Z,1610612744,1610612748,135,112,FINAL,cdn
0022500613,2025-26,Regular Season,2026-01-21T00:00:00Z,1610612755,1610612756,110,116,FINAL,cdn
0022500614,2025-26,Regular Season,2026-01-21T01:00:00Z,1610612741,1610612746,138,110,FINAL,cdn
0022500615,2025-26,Regular Season,2026-01-21T01:00:00Z,1610612745,1610612759,111,106,FINAL,cdn
0022500616,2025-26,Regular Season,2026-01-21T02:00:00Z,1610612762,1610612750,127,122,FINAL,cdn
0022500617,2025-26,Regular Season,2026-01-21T03:00:00Z,1610612743,1610612747,107,115,FINAL,cdn
0022500618,2025-26,Regular Season,2026-01-21T03:00:00Z,1610612744,1610612761,127,145,FINAL,cdn
0022500619,2025-26,Regular Season,2026-01-21T03:00:00Z,1610612758,1610612748,117,130,FINAL,cdn
0022500620,2025-26,Regular Season,2026-01-22T00:00:00Z,1610612766,1610612739,87,94,FINAL,cdn
0022500621,2025-26,Regular Season,2026-01-22T00:30:00Z,1610612738,1610612754,119,104,FINAL,cdn
0022500622,2025-26,Regular Season,2026-01-22T00:30:00Z,1610612752,1610612751,120,66,FINAL,cdn
0022500623,2025-26,Regular Season,2026-01-22T01:00:00Z,1610612763,1610612737,122,124,FINAL,cdn
0022500624,2025-26,Regular Season,2026-01-22T01:00:00Z,1610612740,1610612765,104,112,FINAL,cdn
0022500625,2025-26,Regular Season,2026-01-22T02:30:00Z,1610612749,1610612760,102,122,FINAL,cdn
0022500626,2025-26,Regular Season,2026-01-22T03:00:00Z,1610612758,1610612761,109,122,FINAL,cdn
0022500627,2025-26,Regular Season,2026-01-23T00:00:00Z,1610612753,1610612766,97,124,FINAL,cdn
0022500644,2025-26,Regular Season,2026-01-25T22:30:00Z,1610612750,1610612744,85,111,FINAL,cdn
0022500650,2025-26,Regular Season,2026-01-25T20:00:00Z,1610612765,1610612758,139,116,FINAL,cdn
0022500653,2025-26,Regular Season,2026-01-26T00:00:00Z,1610612760,1610612761,101,103,FINAL,cdn
0022500654,2025-26,Regular Season,2026-01-26T00:00:00Z,1610612759,1610612740,95,104,FINAL,cdn
0022500655,2025-26,Regular Season,2026-01-26T01:00:00Z,1610612756,1610612748,102,111,FINAL,cdn
0022500656,2025-26,Regular Season,2026-01-26T02:00:00Z,1610612746,1610612751,126,89,FINAL,cdn
0022500657,2025-26,Regular Season,2026-01-26T20:00:00Z,1610612766,1610612755,130,93,FINAL,cdn
0022500658,2025-26,Regular Season,2026-01-27T00:00:00Z,1610612739,1610612753,114,98,FINAL,cdn
0022500659,2025-26,Regular Season,2026-01-26T18:30:00Z,1610612737,1610612754,132,116,FINAL,cdn
0022500660,2025-26,Regular Season,2026-01-27T01:00:00Z,1610612738,1610612757,102,94,FINAL,cdn
0022500661,2025-26,Regular Season,2026-01-27T01:00:00Z,1610612741,1610612747,118,129,FINAL,cdn
0022500662,2025-26,Regular Season,2026-01-27T01:00:00Z,1610612745,1610612763,108,99,FINAL,cdn
0022500663,2025-26,Regular Season,2026-01-27T02:30:00Z,1610612750,1610612744,108,83,FINAL,cdn
0022501201,2025-26,Regular Season,2025-12-09T23:00:00Z,1610612753,1610612748,117,108,FINAL,cdn
0022501202,2025-26,Regular Season,2025-12-10T01:30:00Z,1610612761,1610612752,101,117,FINAL,cdn
0022501203,2025-26,Regular Season,2025-12-11T00:30:00Z,1610612760,1610612756,138,89,FINAL,cdn
0022501204,2025-26,Regular Season,2025-12-11T03:00:00Z,1610612747,1610612759,119,132,FINAL,cdn
0022501205,2025-26,Regular Season,2025-12-12T01:00:00Z,1610612745,1610612746,115,113,FINAL,cdn
0022501206,2025-26,Regular Season,2025-12-12T01:00:00Z,1610612749,1610612738,116,101,FINAL,cdn
0022501207,2025-26,Regular Season,2025-12-12T01:00:00Z,1610612740,1610612757,143,120,FINAL,cdn
0022501208,2025-26,Regular Season,2025-12-12T03:00:00Z,1610612758,1610612743,105,136,FINAL,cdn
0022501216,2025-26,Regular Season,2025-12-14T20:00:00Z,1610612754,1610612764,89,108,FINAL,cdn
0022501217,2025-26,Regular Season,2025-12-14T23:00:00Z,1610612737,1610612755,120,117,FINAL,cdn
0022501218,2025-26,Regular Season,2025-12-14T20:30:00Z,1610612739,1610612766,111,119,FINAL,cdn
0022501219,2025-26,Regular Season,2025-12-14T23:00:00Z,1610612751,1610612749,127,82,FINAL,cdn
0022501220,2025-26,Regular Season,2025-12-15T00:00:00Z,1610612750,1610612758,117,103,FINAL,cdn
0022501221,2025-26,Regular Season,2025-12-15T02:00:00Z,1610612757,1610612744,136,131,FINAL,cdn
0022501222,2025-26,Regular Season,2025-12-16T00:00:00Z,1610612738,1610612765,105,112,FINAL,cdn
0022501223,2025-26,Regular Season,2025-12-15T00:00:00Z,1610612741,1610612740,104,114,FINAL,cdn
0022501224,2025-26,Regular Season,2025-12-16T02:00:00Z,1610612762,1610612742,140,133,FINAL,cdn
0022501225,2025-26,Regular Season,2025-12-16T02:30:00Z,1610612743,1610612745,128,125,FINAL,cdn
0022501226,2025-26,Regular Season,2025-12-16T03:30:00Z,1610612746,1610612763,103,121,FINAL,cdn
0022501227,2025-26,Regular Season,2025-12-16T00:30:00Z,1610612748,1610612761,96,106,FINAL,cdn
0022501228,2025-26,Regular Season,2025-12-15T01:00:00Z,1610612756,1610612747,114,116,FINAL,cdn
0022501229,2025-26,Regular Season,2025-12-13T22:30:00Z,1610612753,1610612752,120,132,FINAL,cdn
0022501230,2025-26,Regular Season,2025-12-14T02:00:00Z,1610612760,1610612759,109,111,FINAL,cdn
0062500001,2025-26,Regular Season,2025-12-17T01:30:00Z,1610612752,1610612759,124,113,FINAL,cdn
0022500596,2025-26,Regular Season,2026-01-18T00:30:00Z,1610612752,1610612756,99,106,FINAL,cdn
0022500594,2025-26,Regular Season,2026-01-18T00:30:00Z,1610612737,1610612738,106,132,FINAL,cdn
0022500653,2025-26,Regular Season,2026-01-26T00:00:00Z,1610612760,1610612761,101,103,FINAL,cdn
0022500014,2025-26,Regular Season,2026-01-19T18:00:00Z,1610612737,1610612749,110,112,FINAL,cdn
0022500628,2025-26,Regular Season,2026-01-23T00:00:00Z,1610612755,1610612745,128,122,FINAL,cdn
0022500597,2025-26,Regular Season,2026-01-18T01:00:00Z,1610612748,1610612760,122,120,FINAL,cdn
0022500015,2025-26,Regular Season,2026-01-19T19:30:00Z,1610612739,1610612760,104,136,FINAL,cdn
0022500629,2025-26,Regular Season,2026-01-23T00:00:00Z,1610612764,1610612743,97,107,FINAL,cdn
0022500644,2025-26,Regular Season,2026-01-25T22:30:00Z,1610612750,1610612744,85,111,FINAL,cdn
0022500598,2025-26,Regular Season,2026-01-18T01:00:00Z,1610612759,1610612750,126,123,FINAL,cdn
0022500595,2025-26,Regular Season,2026-01-18T00:30:00Z,1610612765,1610612754,121,78,FINAL,cdn
0022500654,2025-26,Regular Season,2026-01-26T00:00:00Z,1610612759,1610612740,95,104,FINAL,cdn
0022500016,2025-26,Regular Season,2026-01-19T22:00:00Z,1610612752,1610612742,97,114,FINAL,cdn
0022500650,2025-26,Regular Season,2026-01-25T20:00:00Z,1610612765,1610612758,139,116,FINAL,cdn
0022500630,2025-26,Regular Season,2026-01-23T00:30:00Z,1610612742,1610612744,123,115,FINAL,cdn
0022500653,2025-26,Regular Season,2026-01-26T00:00:00Z,1610612760,1610612761,101,103,FINAL,cdn
0022500599,2025-26,Regular Season,2026-01-18T01:30:00Z,1610612744,1610612766,136,116,FINAL,cdn
0022500654,2025-26,Regular Season,2026-01-26T00:00:00Z,1610612759,1610612740,95,104,FINAL,cdn
0022500017,2025-26,Regular Season,2026-01-20T01:00:00Z,1610612765,1610612738,104,103,FINAL,cdn
0022500631,2025-26,Regular Season,2026-01-23T01:00:00Z,1610612750,1610612741,115,120,FINAL,cdn
0022500596,2025-26,Regular Season,2026-01-18T00:30:00Z,1610612752,1610612756,99,106,FINAL,cdn
0022500655,2025-26,Regular Season,2026-01-26T01:00:00Z,1610612756,1610612748,102,111,FINAL,cdn
0022500600,2025-26,Regular Season,2026-01-18T02:00:00Z,1610612743,1610612764,121,115,FINAL,cdn
0022500655,2025-26,Regular Season,2026-01-26T01:00:00Z,1610612756,1610612748,102,111,FINAL,cdn
0022500656,2025-26,Regular Season,2026-01-26T02:00:00Z,1610612746,1610612751,126,89,FINAL,cdn
0022500593,2025-26,Regular Season,2026-01-17T22:00:00Z,1610612742,1610612762,138,120,FINAL,cdn
0022500632,2025-26,Regular Season,2026-01-23T02:00:00Z,1610612762,1610612759,109,126,FINAL,cdn
0022500601,2025-26,Regular Season,2026-01-18T03:00:00Z,1610612757,1610612747,132,116,FINAL,cdn
0022500633,2025-26,Regular Season,2026-01-23T03:00:00Z,1610612746,1610612747,112,104,FINAL,cdn
0022500594,2025-26,Regular Season,2026-01-18T00:30:00Z,1610612737,1610612738,106,132,FINAL,cdn
0022500597,2025-26,Regular Season,2026-01-18T01:00:00Z,1610612748,1610612760,122,120,FINAL,cdn
0022500602,2025-26,Regular Season,2026-01-18T17:00:00Z,1610612763,1610612753,126,109,FINAL,cdn
0022500656,2025-26,Regular Season,2026-01-26T02:00:00Z,1610612746,1610612751,126,89,FINAL,cdn
0022500634,2025-26,Regular Season,2026-01-23T03:00:00Z,1610612757,1610612748,127,110,FINAL,cdn
0022500595,2025-26,Regular Season,2026-01-18T00:30:00Z,1610612765,1610612754,121,78,FINAL,cdn
0022500603,2025-26,Regular Season,2026-01-19T00:00:00Z,1610612741,1610612751,124,102,FINAL,cdn
0022500598,2025-26,Regular Season,2026-01-18T01:00:00Z,1610612759,1610612750,126,123,FINAL,cdn
0022500643,2025-26,Regular Season,2026-01-24T20:00:00Z,1610612755,1610612752,109,112,FINAL,cdn
0022500596,2025-26,Regular Season,2026-01-18T00:30:00Z,1610612752,1610612756,99,106,FINAL,cdn
0022500604,2025-26,Regular Season,2026-01-19T00:00:00Z,1610612745,1610612740,119,110,FINAL,cdn
0022500597,2025-26,Regular Season,2026-01-18T01:00:00Z,1610612748,1610612760,122,120,FINAL,cdn
0022500645,2025-26,Regular Season,2026-01-24T17:00:00Z,1610612766,1610612764,119,115,FINAL,cdn
0022500605,2025-26,Regular Season,2026-01-19T01:00:00Z,1610612743,1610612766,87,110,FINAL,cdn
0022500599,2025-26,Regular Season,2026-01-18T01:30:00Z,1610612744,1610612766,136,116,FINAL,cdn
0022500598,2025-26,Regular Season,2026-01-18T01:00:00Z,1610612759,1610612750,126,123,FINAL,cdn
0022500646,2025-26,Regular Season,2026-01-25T00:00:00Z,1610612753,1610612739,105,119,FINAL,cdn
0022500606,2025-26,Regular Season,2026-01-19T02:00:00Z,1610612758,1610612757,110,117,FINAL,cdn
0022500599,2025-26,Regular Season,2026-01-18T01:30:00Z,1610612744,1610612766,136,116,FINAL,cdn
0022500647,2025-26,Regular Season,2026-01-25T01:00:00Z,1610612741,1610612738,114,111,FINAL,cdn
0022500600,2025-26,Regular Season,2026-01-18T02:00:00Z,1610612743,1610612764,121,115,FINAL,cdn
0022500607,2025-26,Regular Season,2026-01-19T02:30:00Z,1610612747,1610612761,110,93,FINAL,cdn
0022500600,2025-26,Regular Season,2026-01-18T02:00:00Z,1610612743,1610612764,121,115,FINAL,cdn
0022500648,2025-26,Regular Season,2026-01-25T01:30:00Z,1610612742,1610612747,110,116,FINAL,cdn
0022500608,2025-26,Regular Season,2026-01-19T20:00:00Z,1610612764,1610612746,106,110,FINAL,cdn
0022500601,2025-26,Regular Season,2026-01-18T03:00:00Z,1610612757,1610612747,132,116,FINAL,cdn
0022500649,2025-26,Regular Season,2026-01-25T02:30:00Z,1610612762,1610612748,116,147,FINAL,cdn
0022500601,2025-26,Regular Season,2026-01-18T03:00:00Z,1610612757,1610612747,132,116,FINAL,cdn
0022500609,2025-26,Regular Season,2026-01-20T00:00:00Z,1610612755,1610612754,113,104,FINAL,cdn
0022500602,2025-26,Regular Season,2026-01-18T17:00:00Z,1610612763,1610612753,126,109,FINAL,cdn
0022500644,2025-26,Regular Season,2026-01-25T22:30:00Z,1610612750,1610612744,85,111,FINAL,cdn
0022500610,2025-26,Regular Season,2026-01-20T00:30:00Z,1610612751,1610612756,117,126,FINAL,cdn
0022500603,2025-26,Regular Season,2026-01-19T00:00:00Z,1610612741,1610612751,124,102,FINAL,cdn
0022500650,2025-26,Regular Season,2026-01-25T20:00:00Z,1610612765,1610612758,139,116,FINAL,cdn
0022500602,2025-26,Regular Season,2026-01-18T17:00:00Z,1610612763,1610612753,126,109,FINAL,cdn
0022500611,2025-26,Regular Season,2026-01-19T22:00:00Z,1610612759,1610612762,123,110,FINAL,cdn
0022500604,2025-26,Regular Season,2026-01-19T00:00:00Z,1610612745,1610612740,119,110,FINAL,cdn
0022500653,2025-26,Regular Season,2026-01-26T00:00:00Z,1610612760,1610612761,101,103,FINAL,cdn
0022500612,2025-26,Regular Season,2026-01-20T03:00:00Z,1610612744,1610612748,135,112,FINAL,cdn
0022500605,2025-26,Regular Season,2026-01-19T01:00:00Z,1610612743,1610612766,87,110,FINAL,cdn
0022500654,2025-26,Regular Season,2026-01-26T00:00:00Z,1610612759,1610612740,95,104,FINAL,cdn
0022500603,2025-26,Regular Season,2026-01-19T00:00:00Z,1610612741,1610612751,124,102,FINAL,cdn
0022500613,2025-26,Regular Season,2026-01-21T00:00:00Z,1610612755,1610612756,110,116,FINAL,cdn
0022500606,2025-26,Regular Season,2026-01-19T02:00:00Z,1610612758,1610612757,110,117,FINAL,cdn
0022500655,2025-26,Regular Season,2026-01-26T01:00:00Z,1610612756,1610612748,102,111,FINAL,cdn
0022500614,2025-26,Regular Season,2026-01-21T01:00:00Z,1610612741,1610612746,138,110,FINAL,cdn
0022500607,2025-26,Regular Season,2026-01-19T02:30:00Z,1610612747,1610612761,110,93,FINAL,cdn
0022500656,2025-26,Regular Season,2026-01-26T02:00:00Z,1610612746,1610612751,126,89,FINAL,cdn
0022500604,2025-26,Regular Season,2026-01-19T00:00:00Z,1610612745,1610612740,119,110,FINAL,cdn
0022500615,2025-26,Regular Season,2026-01-21T01:00:00Z,1610612745,1610612759,111,106,FINAL,cdn
0022500608,2025-26,Regular Season,2026-01-19T20:00:00Z,1610612764,1610612746,106,110,FINAL,cdn
0022500616,2025-26,Regular Season,2026-01-21T02:00:00Z,1610612762,1610612750,127,122,FINAL,cdn
0022500609,2025-26,Regular Season,2026-01-20T00:00:00Z,1610612755,1610612754,113,104,FINAL,cdn
0022500605,2025-26,Regular Season,2026-01-19T01:00:00Z,1610612743,1610612766,87,110,FINAL,cdn
0022500617,2025-26,Regular Season,2026-01-21T03:00:00Z,1610612743,1610612747,107,115,FINAL,cdn
0022500610,2025-26,Regular Season,2026-01-20T00:30:00Z,1610612751,1610612756,117,126,FINAL,cdn
0022500618,2025-26,Regular Season,2026-01-21T03:00:00Z,1610612744,1610612761,127,145,FINAL,cdn
0022500611,2025-26,Regular Season,2026-01-19T22:00:00Z,1610612759,1610612762,123,110,FINAL,cdn
0022500606,2025-26,Regular Season,2026-01-19T02:00:00Z,1610612758,1610612757,110,117,FINAL,cdn
0022500619,2025-26,Regular Season,2026-01-21T03:00:00Z,1610612758,1610612748,117,130,FINAL,cdn
0022500612,2025-26,Regular Season,2026-01-20T03:00:00Z,1610612744,1610612748,135,112,FINAL,cdn
0022500620,2025-26,Regular Season,2026-01-22T00:00:00Z,1610612766,1610612739,87,94,FINAL,cdn
0022500613,2025-26,Regular Season,2026-01-21T00:00:00Z,1610612755,1610612756,110,116,FINAL,cdn
0022500607,2025-26,Regular Season,2026-01-19T02:30:00Z,1610612747,1610612761,110,93,FINAL,cdn
0022500621,2025-26,Regular Season,2026-01-22T00:30:00Z,1610612738,1610612754,119,104,FINAL,cdn
0022500614,2025-26,Regular Season,2026-01-21T01:00:00Z,1610612741,1610612746,138,110,FINAL,cdn
0022500622,2025-26,Regular Season,2026-01-22T00:30:00Z,1610612752,1610612751,120,66,FINAL,cdn
0022500615,2025-26,Regular Season,2026-01-21T01:00:00Z,1610612745,1610612759,111,106,FINAL,cdn
0022500623,2025-26,Regular Season,2026-01-22T01:00:00Z,1610612763,1610612737,122,124,FINAL,cdn
0022500608,2025-26,Regular Season,2026-01-19T20:00:00Z,1610612764,1610612746,106,110,FINAL,cdn
0022500616,2025-26,Regular Season,2026-01-21T02:00:00Z,1610612762,1610612750,127,122,FINAL,cdn
0022500624,2025-26,Regular Season,2026-01-22T01:00:00Z,1610612740,1610612765,104,112,FINAL,cdn
0022500617,2025-26,Regular Season,2026-01-21T03:00:00Z,1610612743,1610612747,107,115,FINAL,cdn
0022500625,2025-26,Regular Season,2026-01-22T02:30:00Z,1610612749,1610612760,102,122,FINAL,cdn
0022500618,2025-26,Regular Season,2026-01-21T03:00:00Z,1610612744,1610612761,127,145,FINAL,cdn
0022500609,2025-26,Regular Season,2026-01-20T00:00:00Z,1610612755,1610612754,113,104,FINAL,cdn
0022500626,2025-26,Regular Season,2026-01-22T03:00:00Z,1610612758,1610612761,109,122,FINAL,cdn
0022500619,2025-26,Regular Season,2026-01-21T03:00:00Z,1610612758,1610612748,117,130,FINAL,cdn
0022500627,2025-26,Regular Season,2026-01-23T00:00:00Z,1610612753,1610612766,97,124,FINAL,cdn
0022500620,2025-26,Regular Season,2026-01-22T00:00:00Z,1610612766,1610612739,87,94,FINAL,cdn
0022500610,2025-26,Regular Season,2026-01-20T00:30:00Z,1610612751,1610612756,117,126,FINAL,cdn
0022500628,2025-26,Regular Season,2026-01-23T00:00:00Z,1610612755,1610612745,128,122,FINAL,cdn
0022500621,2025-26,Regular Season,2026-01-22T00:30:00Z,1610612738,1610612754,119,104,FINAL,cdn
0022500629,2025-26,Regular Season,2026-01-23T00:00:00Z,1610612764,1610612743,97,107,FINAL,cdn
0022500622,2025-26,Regular Season,2026-01-22T00:30:00Z,1610612752,1610612751,120,66,FINAL,cdn
0022500611,2025-26,Regular Season,2026-01-19T22:00:00Z,1610612759,1610612762,123,110,FINAL,cdn
0022500630,2025-26,Regular Season,2026-01-23T00:30:00Z,1610612742,1610612744,123,115,FINAL,cdn
0022500623,2025-26,Regular Season,2026-01-22T01:00:00Z,1610612763,1610612737,122,124,FINAL,cdn
0022500631,2025-26,Regular Season,2026-01-23T01:00:00Z,1610612750,1610612741,115,120,FINAL,cdn
0022500624,2025-26,Regular Season,2026-01-22T01:00:00Z,1610612740,1610612765,104,112,FINAL,cdn
0022500612,2025-26,Regular Season,2026-01-20T03:00:00Z,1610612744,1610612748,135,112,FINAL,cdn
0022500632,2025-26,Regular Season,2026-01-23T02:00:00Z,1610612762,1610612759,109,126,FINAL,cdn
0022500625,2025-26,Regular Season,2026-01-22T02:30:00Z,1610612749,1610612760,102,122,FINAL,cdn
0022500633,2025-26,Regular Season,2026-01-23T03:00:00Z,1610612746,1610612747,112,104,FINAL,cdn
0022500626,2025-26,Regular Season,2026-01-22T03:00:00Z,1610612758,1610612761,109,122,FINAL,cdn
0022500613,2025-26,Regular Season,2026-01-21T00:00:00Z,1610612755,1610612756,110,116,FINAL,cdn
0022500634,2025-26,Regular Season,2026-01-23T03:00:00Z,1610612757,1610612748,127,110,FINAL,cdn
0022500627,2025-26,Regular Season,2026-01-23T00:00:00Z,1610612753,1610612766,97,124,FINAL,cdn
0022500643,2025-26,Regular Season,2026-01-24T20:00:00Z,1610612755,1610612752,109,112,FINAL,cdn
0022500628,2025-26,Regular Season,2026-01-23T00:00:00Z,1610612755,1610612745,128,122,FINAL,cdn
0022500614,2025-26,Regular Season,2026-01-21T01:00:00Z,1610612741,1610612746,138,110,FINAL,cdn
0022500645,2025-26,Regular Season,2026-01-24T17:00:00Z,1610612766,1610612764,119,115,FINAL,cdn
0022500629,2025-26,Regular Season,2026-01-23T00:00:00Z,1610612764,1610612743,97,107,FINAL,cdn
0022500646,2025-26,Regular Season,2026-01-25T00:00:00Z,1610612753,1610612739,105,119,FINAL,cdn
0022500630,2025-26,Regular Season,2026-01-23T00:30:00Z,1610612742,1610612744,123,115,FINAL,cdn
0022500615,2025-26,Regular Season,2026-01-21T01:00:00Z,1610612745,1610612759,111,106,FINAL,cdn
0022500647,2025-26,Regular Season,2026-01-25T01:00:00Z,1610612741,1610612738,114,111,FINAL,cdn
0022500631,2025-26,Regular Season,2026-01-23T01:00:00Z,1610612750,1610612741,115,120,FINAL,cdn
0022500648,2025-26,Regular Season,2026-01-25T01:30:00Z,1610612742,1610612747,110,116,FINAL,cdn
0022500616,2025-26,Regular Season,2026-01-21T02:00:00Z,1610612762,1610612750,127,122,FINAL,cdn
0022500632,2025-26,Regular Season,2026-01-23T02:00:00Z,1610612762,1610612759,109,126,FINAL,cdn
0022500649,2025-26,Regular Season,2026-01-25T02:30:00Z,1610612762,1610612748,116,147,FINAL,cdn
0022500633,2025-26,Regular Season,2026-01-23T03:00:00Z,1610612746,1610612747,112,104,FINAL,cdn
0022500644,2025-26,Regular Season,2026-01-25T22:30:00Z,1610612750,1610612744,85,111,FINAL,cdn
0022500617,2025-26,Regular Season,2026-01-21T03:00:00Z,1610612743,1610612747,107,115,FINAL,cdn
0022500634,2025-26,Regular Season,2026-01-23T03:00:00Z,1610612757,1610612748,127,110,FINAL,cdn
0022500650,2025-26,Regular Season,2026-01-25T20:00:00Z,1610612765,1610612758,139,116,FINAL,cdn
0022500643,2025-26,Regular Season,2026-01-24T20:00:00Z,1610612755,1610612752,109,112,FINAL,cdn
0022500618,2025-26,Regular Season,2026-01-21T03:00:00Z,1610612744,1610612761,127,145,FINAL,cdn
0022500653,2025-26,Regular Season,2026-01-26T00:00:00Z,1610612760,1610612761,101,103,FINAL,cdn
0022500645,2025-26,Regular Season,2026-01-24T17:00:00Z,1610612766,1610612764,119,115,FINAL,cdn
0022500619,2025-26,Regular Season,2026-01-21T03:00:00Z,1610612758,1610612748,117,130,FINAL,cdn
0022500654,2025-26,Regular Season,2026-01-26T00:00:00Z,1610612759,1610612740,95,104,FINAL,cdn
0022500646,2025-26,Regular Season,2026-01-25T00:00:00Z,1610612753,1610612739,105,119,FINAL,cdn
0022500655,2025-26,Regular Season,2026-01-26T01:00:00Z,1610612756,1610612748,102,111,FINAL,cdn
0022500647,2025-26,Regular Season,2026-01-25T01:00:00Z,1610612741,1610612738,114,111,FINAL,cdn
0022500620,2025-26,Regular Season,2026-01-22T00:00:00Z,1610612766,1610612739,87,94,FINAL,cdn
0022500656,2025-26,Regular Season,2026-01-26T02:00:00Z,1610612746,1610612751,126,89,FINAL,cdn
0022500648,2025-26,Regular Season,2026-01-25T01:30:00Z,1610612742,1610612747,110,116,FINAL,cdn
0022500649,2025-26,Regular Season,2026-01-25T02:30:00Z,1610612762,1610612748,116,147,FINAL,cdn
0022500621,2025-26,Regular Season,2026-01-22T00:30:00Z,1610612738,1610612754,119,104,FINAL,cdn
0022500644,2025-26,Regular Season,2026-01-25T22:30:00Z,1610612750,1610612744,85,111,FINAL,cdn
0022500650,2025-26,Regular Season,2026-01-25T20:00:00Z,1610612765,1610612758,139,116,FINAL,cdn
0022500622,2025-26,Regular Season,2026-01-22T00:30:00Z,1610612752,1610612751,120,66,FINAL,cdn
0022500653,2025-26,Regular Season,2026-01-26T00:00:00Z,1610612760,1610612761,101,103,FINAL,cdn
0022500654,2025-26,Regular Season,2026-01-26T00:00:00Z,1610612759,1610612740,95,104,FINAL,cdn
0022500623,2025-26,Regular Season,2026-01-22T01:00:00Z,1610612763,1610612737,122,124,FINAL,cdn
0022500655,2025-26,Regular Season,2026-01-26T01:00:00Z,1610612756,1610612748,102,111,FINAL,cdn
0022500656,2025-26,Regular Season,2026-01-26T02:00:00Z,1610612746,1610612751,126,89,FINAL,cdn
0022500624,2025-26,Regular Season,2026-01-22T01:00:00Z,1610612740,1610612765,104,112,FINAL,cdn
0022500625,2025-26,Regular Season,2026-01-22T02:30:00Z,1610612749,1610612760,102,122,FINAL,cdn
0022500626,2025-26,Regular Season,2026-01-22T03:00:00Z,1610612758,1610612761,109,122,FINAL,cdn
0022500627,2025-26,Regular Season,2026-01-23T00:00:00Z,1610612753,1610612766,97,124,FINAL,cdn
0022500628,2025-26,Regular Season,2026-01-23T00:00:00Z,1610612755,1610612745,128,122,FINAL,cdn
0022500629,2025-26,Regular Season,2026-01-23T00:00:00Z,1610612764,1610612743,97,107,FINAL,cdn
0022500630,2025-26,Regular Season,2026-01-23T00:30:00Z,1610612742,1610612744,123,115,FINAL,cdn
0022500631,2025-26,Regular Season,2026-01-23T01:00:00Z,1610612750,1610612741,115,120,FINAL,cdn
0022500632,2025-26,Regular Season,2026-01-23T02:00:00Z,1610612762,1610612759,109,126,FINAL,cdn
0022500633,2025-26,Regular Season,2026-01-23T03:00:00Z,1610612746,1610612747,112,104,FINAL,cdn
0022500634,2025-26,Regular Season,2026-01-23T03:00:00Z,1610612757,1610612748,127,110,FINAL,cdn
0022500643,2025-26,Regular Season,2026-01-24T20:00:00Z,1610612755,1610612752,109,112,FINAL,cdn
0022500645,2025-26,Regular Season,2026-01-24T17:00:00Z,1610612766,1610612764,119,115,FINAL,cdn
0022500646,2025-26,Regular Season,2026-01-25T00:00:00Z,1610612753,1610612739,105,119,FINAL,cdn
0022500647,2025-26,Regular Season,2026-01-25T01:00:00Z,1610612741,1610612738,114,111,FINAL,cdn
0022500648,2025-26,Regular Season,2026-01-25T01:30:00Z,1610612742,1610612747,110,116,FINAL,cdn
0022500649,2025-26,Regular Season,2026-01-25T02:30:00Z,1610612762,1610612748,116,147,FINAL,cdn
0022500644,2025-26,Regular Season,2026-01-25T22:30:00Z,1610612750,1610612744,85,111,FINAL,cdn
0022500650,2025-26,Regular Season,2026-01-25T20:00:00Z,1610612765,1610612758,139,116,FINAL,cdn
0022500653,2025-26,Regular Season,2026-01-26T00:00:00Z,1610612760,1610612761,101,103,FINAL,cdn
0022500654,2025-26,Regular Season,2026-01-26T00:00:00Z,1610612759,1610612740,95,104,FINAL,cdn
0022500655,2025-26,Regular Season,2026-01-26T01:00:00Z,1610612756,1610612748,102,111,FINAL,cdn
0022500656,2025-26,Regular Season,2026-01-26T02:00:00Z,1610612746,1610612751,126,89,FINAL,cdn
0022500712,2025-26,Regular Season,2026-02-02T20:00:00Z,1610612766,1610612740,102,95,FINAL,cdn
0022500713,2025-26,Regular Season,2026-02-03T00:00:00Z,1610612754,1610612745,114,118,FINAL,cdn
0022500714,2025-26,Regular Season,2026-02-03T00:30:00Z,1610612763,1610612750,137,128,FINAL,cdn
0022500715,2025-26,Regular Season,2026-02-03T03:00:00Z,1610612746,1610612755,113,128,FINAL,cdn
